<?xml version="1.0" encoding="UTF-8"?>
<beans xmlns="http://www.springframework.org/schema/beans"
	xmlns:xsi="http://www.w3.org/2001/XMLSchema-instance"
	xmlns:context="http://www.springframework.org/schema/context"
	xmlns:mvc="http://www.springframework.org/schema/mvc"
	xmlns:dwr="http://www.directwebremoting.org/schema/spring-dwr"
	xsi:schemaLocation="http://www.springframework.org/schema/beans http://www.springframework.org/schema/beans/spring-beans.xsd
		http://www.springframework.org/schema/context http://www.springframework.org/schema/context/spring-context-3.1.xsd
		http://www.springframework.org/schema/mvc http://www.springframework.org/schema/mvc/spring-mvc-3.1.xsd
		http://www.directwebremoting.org/schema/spring-dwr http://www.directwebremoting.org/schema/spring-dwr-3.0.xsd">
	
	<mvc:annotation-driven/>
	<mvc:resources location="/resources/" mapping="/resources/**"/>
	<mvc:interceptors>
		<mvc:interceptor>
			<mvc:mapping path="/admin/**"/>
			<bean class="org.konghao.cms.web.AuthInterceptor"/>
		</mvc:interceptor>
	</mvc:interceptors>
	<context:component-scan base-package="org.konghao.cms.controller"/>
	<dwr:controller id="dwrController" debug="false"/>
	<dwr:annotation-config id="dwrAnnotationConfig" />
  	<dwr:annotation-scan base-package="org.konghao.cms.dwr" scanDataTransferObject="true"/>
	<bean class="org.springframework.web.servlet.view.InternalResourceViewResolver">
		<property name="prefix" value="/WEB-INF/jsp/"/>
		<property name="suffix" value=".jsp"/>
	</bean>
	<bean class="org.springframework.web.servlet.handler.SimpleUrlHandlerMapping">
	  <property value="true" name="alwaysUseFullPath"></property> 
	  <property name="mappings">
	    <props> 
	      <prop key="/dwr/**/*">dwrController</prop>
	    </props>
	 </property> 
	</bean>
	
	<bean id="exceptionResolver" class="org.springframework.web.servlet.handler.SimpleMappingExceptionResolver">
		<property name="exceptionMappings">
			<props>
				<prop key="org.konghao.cms.model.CmsException">error</prop>
			</props>
		</property>
	</bean>
	<bean id="multipartResolver"
		class="org.springframework.web.multipart.commons.CommonsMultipartResolver">
		<property name="maxUploadSize" value="500000000"></property>
	</bean>
	
</beans>
